Momento, Media, Desv, Media, Desv
0.0, 0.00221115, 0.00010954, 0.00220922, 0.000107806
0.1, 0.00194263, 8.71562e-05, 0.00193914, 8.61838e-05
0.5, 0.00128621, 4.91701e-05, 0.00128256, 4.74708e-05
0.9, 0.000956196, 3.3703e-05, 0.000950428, 3.24171e-05
