Momento, Media, Desv, Media, Desv
0.0, 0.00128306, 6.41633e-05, 0.00423553, 0.00029264
0.1, 0.00124879, 5.40269e-05, 0.00431142, 0.000329369
0.5, 0.00115536, 3.68928e-05, 0.00453332, 0.000500608
0.9, 0.00108108, 3.27043e-05, 0.00469538, 0.000636367
