Momento, Media, Desv, Media, Desv
0.0, 0.0275703, 0.000145408, 0.0318687, 0.000380918
0.1, 0.0274997, 0.000118966, 0.0316899, 0.000402093
0.5, 0.0284044, 0.00229599, 0.0333514, 0.00502449
0.9, 0.0273758, 0.000120713, 0.0308952, 0.000449324
